COUNTRY,ISO3,WHO_REGION,DATA_SOURCE,DATE_UPDATED,TOTAL_VACCINATIONS,PERSONS_VACCINATED_1PLUS_DOSE,TOTAL_VACCINATIONS_PER100,PERSONS_VACCINATED_1PLUS_DOSE_PER100,PERSONS_FULLY_VACCINATED,PERSONS_FULLY_VACCINATED_PER100,VACCINES_USED,FIRST_VACCINE_DATE,NUMBER_VACCINES_TYPES_USED
Afghanistan,AFG,EMRO,REPORTING,2022-02-14,5321308,4723416,13.669,12.134,4043580,10.387,"Beijing CNBG - BBIBP-CorV,Janssen - Ad26.COV 2-S,Pfizer BioNTech - Comirnaty,SII - Covishield",2021-02-22,4
Albania,ALB,EURO,REPORTING,2022-02-06,2646554,1267908,92,44.551,1165189,40.942,"AstraZeneca - Vaxzevria,Gamaleya - Gam-Covid-Vac,Pfizer BioNTech - Comirnaty,SII - Covishield,Sinovac - CoronaVac",2021-01-13,5
Algeria,DZA,AFRO,REPORTING,2022-02-08,13461201,7403900,30.698,16.884,6003539,13.691,"Beijing CNBG - BBIBP-CorV,Gamaleya - Gam-Covid-Vac,SII - Covishield,Sinovac - CoronaVac",2021-01-30,4
American Samoa,ASM,WPRO,REPORTING,2022-01-28,82992,41820,150.356,75.765,36804,66.678,"Janssen - Ad26.COV 2-S,Moderna - Spikevax,Pfizer BioNTech - Comirnaty",2020-12-21,3
Andorra,AND,EURO,REPORTING,2022-01-23,140193,57709,181.4,75.756,53104,69.711,"AstraZeneca - Vaxzevria,Moderna - Spikevax,Pfizer BioNTech - Comirnaty",2021-01-20,3
Angola,AGO,AFRO,REPORTING,2022-02-09,15505389,10241793,47.177,31.162,5088239,15.482,SII - Covishield,2021-03-10,1
Anguilla,AIA,AMRO,REPORTING,2022-02-11,21783,10218,145.201,68.111,9418,62.778,"AstraZeneca - Vaxzevria,Pfizer BioNTech - Comirnaty",2021-02-05,2
Antigua and Barbuda,ATG,AMRO,REPORTING,2022-02-11,124126,63381,126.751,64.721,60745,62.03,"AstraZeneca - Vaxzevria,Beijing CNBG - BBIBP-CorV,Gamaleya - Gam-Covid-Vac,Janssen - Ad26.COV 2-S,Pfizer BioNTech - Comirnaty,SII - Covishield",2021-03-01,6
Argentina,ARG,AMRO,REPORTING,2022-02-11,90146945,40226884,199.459,89.006,35571217,78.705,"AstraZeneca - Vaxzevria,Beijing CNBG - BBIBP-CorV,CanSino - Convidecia,Gamaleya - Gam-Covid-Vac,Moderna - Spikevax,Pfizer BioNTech - Comirnaty,SII - Covishield",2020-12-29,7
Armenia,ARM,EURO,REPORTING,2022-01-30,1894651,1045611,63.9,35.286,837694,28.27,"AstraZeneca - Vaxzevria,Beijing CNBG - BBIBP-CorV,Gamaleya - Gam-Covid-Vac,Moderna - Spikevax,Sinovac - CoronaVac",2021-06-16,5
Aruba,ABW,AMRO,REPORTING,2022-02-11,166538,86671,155.984,81.178,79867,74.806,"Janssen - Ad26.COV 2-S,Pfizer BioNTech - Comirnaty",2021-02-17,2
Australia,AUS,WPRO,REPORTING,2022-02-06,51152055,21813079,200.597,85.542,20287496,79.559,"AstraZeneca - Vaxzevria,Janssen - Ad26.COV 2-S,Moderna - Spikevax,Novavax - Covavax,Pfizer BioNTech - Comirnaty",2021-02-21,5
Austria,AUT,EURO,REPORTING,2022-02-06,17686085,6770543,198.7,76.064,6498099,73.004,"AstraZeneca - Vaxzevria,Janssen - Ad26.COV 2-S,Moderna - Spikevax,Pfizer BioNTech - Comirnaty",2020-12-30,4
Azerbaijan,AZE,EURO,REPORTING,2022-02-06,11977903,5277554,118.1,52.051,4670607,46.065,"AstraZeneca - Vaxzevria,Gamaleya - Gam-Covid-Vac,Pfizer BioNTech - Comirnaty,Sinovac - CoronaVac",2021-01-20,4
Bahamas,BHS,AMRO,REPORTING,2022-02-11,323346,161646,82.225,41.106,152860,38.872,"AstraZeneca - Vaxzevria,Janssen - Ad26.COV 2-S,Pfizer BioNTech - Comirnaty,SII - Covishield",2021-03-14,4
Bahrain,BHR,EMRO,REPORTING,2022-02-13,3375361,1227305,198.367,72.128,1197343,70.367,"AstraZeneca - Vaxzevria,Beijing CNBG - BBIBP-CorV,Gamaleya - Gam-Covid-Vac,Gamaleya - Sputnik-Light,Janssen - Ad26.COV 2-S,Moderna - Spikevax,Pfizer BioNTech - Comirnaty,SII - Covishield",2020-11-04,8
Bangladesh,BGD,SEARO,REPORTING,2022-02-08,168458209,99647666,102.288,60.506,66560833,40.416,"AstraZeneca - Vaxzevria,Beijing CNBG - BBIBP-CorV,Gamaleya - Gam-Covid-Vac,Janssen - Ad26.COV 2-S,Moderna - Spikevax,Pfizer BioNTech - Comirnaty,SII - Covishield,Sinovac - CoronaVac",2021-01-27,8
Barbados,BRB,AMRO,REPORTING,2022-02-11,307330,159275,106.944,55.424,148055,51.52,"AstraZeneca - Vaxzevria,Beijing CNBG - BBIBP-CorV,Janssen - Ad26.COV 2-S,Pfizer BioNTech - Comirnaty,SII - Covishield",2021-01-08,5
Belarus,BLR,EURO,REPORTING,2022-02-06,10199665,5387508,107.9,57.015,4372737,46.276,"Beijing CNBG - BBIBP-CorV,Gamaleya - Gam-Covid-Vac",2021-02-03,2
Belgium,BEL,EURO,REPORTING,2022-02-06,24286695,9165434,210.8,79.544,8915090,77.372,"AstraZeneca - Vaxzevria,Janssen - Ad26.COV 2-S,Moderna - Spikevax,Pfizer BioNTech - Comirnaty",2020-12-30,4
Belize,BLZ,AMRO,REPORTING,2022-02-11,453359,233554,114.016,58.737,205264,51.622,"AstraZeneca - Vaxzevria,Beijing CNBG - BBIBP-CorV,Janssen - Ad26.COV 2-S,Pfizer BioNTech - Comirnaty,SII - Covishield",2021-03-01,5
Benin,BEN,AFRO,REPORTING,2022-02-04,2391396,2269942,19.726,18.724,1767745,14.582,"AstraZeneca - Vaxzevria,Janssen - Ad26.COV 2-S,Pfizer BioNTech - Comirnaty,SII - Covishield,Sinovac - CoronaVac",2021-03-29,5
Bermuda,BMU,AMRO,REPORTING,2022-02-11,123082,46961,197.649,75.411,46041,73.934,"AstraZeneca - Vaxzevria,Pfizer BioNTech - Comirnaty",2021-01-11,2
Bhutan,BTN,SEARO,REPORTING,2022-02-06,1457542,594185,188.897,77.006,571194,74.026,"AstraZeneca - Vaxzevria,Beijing CNBG - BBIBP-CorV,Moderna - Spikevax,Pfizer BioNTech - Comirnaty,SII - Covishield",2021-03-27,5
Bolivia (Plurinational State of),BOL,AMRO,REPORTING,2022-02-11,12180886,6806843,104.351,58.313,5421242,46.442,"Beijing CNBG - BBIBP-CorV,Gamaleya - Gam-Covid-Vac,Janssen - Ad26.COV 2-S,Moderna - Spikevax,Pfizer BioNTech - Comirnaty,SII - Covishield",2021-01-30,6
Bonaire,XAA,AMRO,REPORTING,2022-02-11,33014,17366,157.848,83.031,15648,74.817,,,
"Bonaire, Sint Eustatius and Saba",BES,AMRO,REPORTING,2021-04-09,7391,5726,28.441,22.034,2965,11.41,"Moderna - Spikevax,Pfizer BioNTech - Comirnaty",2021-02-22,2
Bosnia and Herzegovina,BIH,EURO,REPORTING,2022-01-29,1924950,943394,58.7,28.755,846080,25.789,"AstraZeneca - AZD1222, Pfizer BioNTech - Comirnaty, Sinovac - CoronaVac, Gamaleya - Sputnik V",,4
Botswana,BWA,AFRO,REPORTING,2022-02-09,1376754,1376754,58.545,58.545,1124733,47.828,"Bharat - Covaxin,Janssen - Ad26.COV 2-S,Moderna - Spikevax,Pfizer BioNTech - Comirnaty,SII - Covishield,Sinovac - CoronaVac",2021-03-26,6
Brazil,BRA,AMRO,REPORTING,2022-02-11,368300000,168600000,173.269,79.319,153900000,72.403,"AstraZeneca - Vaxzevria,Janssen - Ad26.COV 2-S,Pfizer BioNTech - Comirnaty,SII - Covishield,Sinovac - CoronaVac",2021-01-17,5
British Virgin Islands,VGB,AMRO,REPORTING,2022-02-11,36384,18786,120.329,62.129,17236,57.003,"AstraZeneca - Vaxzevria,Janssen - Ad26.COV 2-S",2021-02-11,2
Brunei Darussalam,BRN,WPRO,REPORTING,2022-01-28,979285,407042,223.847,93.043,403385,92.207,"AstraZeneca - Vaxzevria,Beijing CNBG - BBIBP-CorV,Janssen - Ad26.COV 2-S,Moderna - Spikevax,Pfizer BioNTech - Comirnaty",2021-04-03,5
Bulgaria,BGR,EURO,REPORTING,2022-02-06,4231248,2062600,60.9,29.671,2032960,29.245,"AstraZeneca - Vaxzevria,Janssen - Ad26.COV 2-S,Moderna - Spikevax,Pfizer BioNTech - Comirnaty",2020-12-30,4
Burkina Faso,BFA,AFRO,REPORTING,2022-01-13,1259250,1169097,6.024,5.593,771895,3.693,"Beijing CNBG - BBIBP-CorV,Janssen - Ad26.COV 2-S,SII - Covishield",2021-06-02,3
Burundi,BDI,AFRO,REPORTING,2022-02-09,10146,8452,0.085,0.071,8001,0.067,Beijing CNBG - BBIBP-CorV,2021-10-18,1
Cabo Verde,CPV,AFRO,REPORTING,2022-02-11,683359,346572,122.909,62.335,291201,52.376,"Beijing CNBG - BBIBP-CorV,Moderna - Spikevax,Pfizer BioNTech - Comirnaty,SII - Covishield",2021-03-18,4
Cambodia,KHM,WPRO,REPORTING,2022-02-06,33379502,14362676,199.651,85.906,13776018,82.398,"AstraZeneca - Vaxzevria,Beijing CNBG - BBIBP-CorV,Janssen - Ad26.COV 2-S,Moderna - Spikevax,Pfizer BioNTech - Comirnaty,SII - Covishield,Sinovac - CoronaVac",2021-02-10,7
Cameroon,CMR,AFRO,REPORTING,2022-01-14,1024333,837860,3.859,3.156,663317,2.499,"Beijing CNBG - BBIBP-CorV,Janssen - Ad26.COV 2-S,Pfizer BioNTech - Comirnaty,SII - Covishield",2021-04-12,4
Canada,CAN,AMRO,REPORTING,2022-02-11,79079865,32280127,209.527,85.528,30357857,80.435,"AstraZeneca - Vaxzevria,Janssen - Ad26.COV 2-S,Moderna - Spikevax,Pfizer BioNTech - Comirnaty,SII - Covishield",2020-12-14,5
Cayman Islands,CYM,AMRO,REPORTING,2022-02-11,138037,59441,210.038,90.446,57627,87.686,Pfizer BioNTech - Comirnaty,2021-01-15,1
Central African Republic,CAF,AFRO,REPORTING,2022-02-06,698869,619646,14.47,12.83,594847,12.316,"Bharat - Covaxin,SII - Covishield",2021-03-19,2
Chad,TCD,AFRO,REPORTING,2022-02-04,398464,267953,2.426,1.631,138854,0.845,Beijing CNBG - BBIBP-CorV,2021-06-04,1
Chile,CHL,AMRO,REPORTING,2022-02-11,47310787,17687927,247.491,92.528,17066600,89.278,"AstraZeneca - Vaxzevria,CanSino - Convidecia,Pfizer BioNTech - Comirnaty,Sinovac - CoronaVac",2020-12-21,4
China,CHN,WPRO,REPORTING,2022-02-05,3016698519,1275813554,205.038,86.714,1235247554,83.957,"Anhui ZL - Recombinant,Beijing CNBG - BBIBP-CorV,CanSino - Convidecia,IMB - Covidful,Pfizer BioNTech - Comirnaty,Shenzhen - LV-SMENP-DC,Sinovac - CoronaVac,Wuhan CNBG - Inactivated",2020-07-22,8
Colombia,COL,AMRO,REPORTING,2022-02-11,74043064,40788751,145.517,80.162,32503403,63.879,"AstraZeneca - Vaxzevria,Janssen - Ad26.COV 2-S,Moderna - Spikevax,Pfizer BioNTech - Comirnaty,Sinovac - CoronaVac",2021-02-17,5
Comoros,COM,AFRO,REPORTING,2022-02-14,637961,341102,73.362,39.225,296859,34.137,"Beijing CNBG - BBIBP-CorV,Bharat - Covaxin,SII - Covishield",2021-04-10,3
Congo,COG,AFRO,REPORTING,2021-12-28,758891,622886,13.753,11.288,583609,10.576,"Beijing CNBG - BBIBP-CorV,Gamaleya - Gam-Covid-Vac,Moderna - Spikevax,SII - Covishield",2021-03-23,4
Cook Islands,COK,WPRO,REPORTING,2022-02-06,26813,14162,152.659,80.631,12651,72.028,Pfizer BioNTech - Comirnaty,2021-05-17,1
Costa Rica,CRI,AMRO,REPORTING,2022-02-11,8418258,4089508,165.254,80.279,3713796,72.904,"AstraZeneca - Vaxzevria,Pfizer BioNTech - Comirnaty",2020-12-24,2
Côte d’Ivoire,CIV,AFRO,REPORTING,2022-02-11,8574775,5546012,32.507,21.025,3028763,11.482,"Beijing CNBG - BBIBP-CorV,Gamaleya - Gam-Covid-Vac,Janssen - Ad26.COV 2-S,Pfizer BioNTech - Comirnaty,SII - Covishield",2021-03-01,5
Croatia,HRV,EURO,REPORTING,2022-02-06,5132818,2297080,126.5,56.638,2209647,54.449,"AstraZeneca - Vaxzevria,Janssen - Ad26.COV 2-S,Moderna - Spikevax,Pfizer BioNTech - Comirnaty",2020-12-23,4
Cuba,CUB,AMRO,REPORTING,2022-02-11,34653655,10587170,305.949,93.472,9851616,86.978,"CIGB - CIGB-66,Finlay - Soberana Plus,Finlay - Soberana-02",,3
Curaçao,CUW,AMRO,REPORTING,2022-02-11,242423,106265,147.735,64.759,97850,59.631,"AstraZeneca - Vaxzevria,Moderna - Spikevax,Pfizer BioNTech - Comirnaty",2021-02-24,3
Cyprus,CYP,EURO,REPORTING,2022-02-06,1689844,654665,190.3,73.723,649278,73.116,"AstraZeneca - Vaxzevria,Janssen - Ad26.COV 2-S,Moderna - Spikevax,Pfizer BioNTech - Comirnaty",2020-12-23,4
Czechia,CZE,EURO,REPORTING,2022-02-06,17144463,6928587,160.3,64.79,6800179,63.589,"AstraZeneca - Vaxzevria,Janssen - Ad26.COV 2-S,Moderna - Spikevax,Pfizer BioNTech - Comirnaty",2020-12-23,4
Democratic Republic of the Congo,COD,AFRO,REPORTING,2022-02-09,528485,440134,0.59,0.491,253900,0.283,SII - Covishield,2021-04-19,1
Denmark,DNK,EURO,REPORTING,2022-01-30,13082137,4842179,224.7,83.159,4728838,81.213,"AstraZeneca - Vaxzevria,Janssen - Ad26.COV 2-S,Moderna - Spikevax,Pfizer BioNTech - Comirnaty",2020-12-16,4
Djibouti,DJI,EMRO,REPORTING,2022-02-06,151713,131370,15.356,13.297,91410,9.252,"Beijing CNBG - BBIBP-CorV,Gamaleya - Gam-Covid-Vac,Janssen - Ad26.COV 2-S,Pfizer BioNTech - Comirnaty,SII - Covishield,Sinovac - CoronaVac",2021-03-15,6
Dominica,DMA,AMRO,REPORTING,2022-02-11,61178,31927,84.98,44.349,29251,40.631,"AstraZeneca - Vaxzevria,Beijing CNBG - BBIBP-CorV,Pfizer BioNTech - Comirnaty,SII - Covishield",2021-02-12,4
Dominican Republic,DOM,AMRO,REPORTING,2022-02-11,14986103,7020063,138.147,64.714,5834345,53.783,"AstraZeneca - Vaxzevria,SII - Covishield,Sinovac - CoronaVac",2021-02-16,3
Ecuador,ECU,AMRO,REPORTING,2022-02-11,30616474,14703599,173.533,83.339,13404880,75.978,"AstraZeneca - Vaxzevria,CanSino - Convidecia,Pfizer BioNTech - Comirnaty,Sinovac - CoronaVac",2021-01-20,4
Egypt,EGY,EMRO,REPORTING,2022-02-09,67724897,39317370,66.18,38.42,28777097,28.121,"AstraZeneca - Vaxzevria,Beijing CNBG - BBIBP-CorV,Gamaleya - Gam-Covid-Vac,Janssen - Ad26.COV 2-S,Pfizer BioNTech - Comirnaty,Sinovac - CoronaVac",2021-01-24,6
El Salvador,SLV,AMRO,REPORTING,2022-02-11,10057370,4535903,155.058,69.932,4215225,64.988,"AstraZeneca - Vaxzevria,Beijing CNBG - BBIBP-CorV,Moderna - Spikevax,Pfizer BioNTech - Comirnaty,SII - Covishield,Sinovac - CoronaVac",2021-02-17,6
Equatorial Guinea,GNQ,AFRO,REPORTING,2022-02-02,455655,251474,32.478,17.924,204181,14.553,"Beijing CNBG - BBIBP-CorV,Sinovac - CoronaVac",2021-02-12,2
Estonia,EST,EURO,REPORTING,2022-02-06,1993320,834525,150,62.795,825703,62.131,"AstraZeneca - Vaxzevria,Janssen - Ad26.COV 2-S,Moderna - Spikevax,Pfizer BioNTech - Comirnaty",2020-12-23,4
Eswatini,SWZ,AFRO,REPORTING,2022-02-12,486162,378854,41.905,32.655,336066,28.967,"Janssen - Ad26.COV 2-S,Pfizer BioNTech - Comirnaty,SII - Covishield",2021-03-19,3
Ethiopia,ETH,AFRO,REPORTING,2022-02-13,10975742,6937907,9.547,6.035,4033576,3.509,"Beijing CNBG - BBIBP-CorV,Bharat - Covaxin,Janssen - Ad26.COV 2-S,SII - Covishield",2021-03-13,4
Falkland Islands (Malvinas),FLK,AMRO,OWID,2021-04-14,4407,2632,126.529,75.567,1775,50.962,AstraZeneca - AZD1222,,1
Faroe Islands,FRO,EURO,OWID,2022-02-10,103708,41704,212.234,85.345,40877,83.653,"Moderna - mRNA-1273, Pfizer BioNTech - Comirnaty",,2
Fiji,FJI,WPRO,REPORTING,2022-02-04,1280736,665494,142.868,74.237,615242,68.631,"AstraZeneca - Vaxzevria,Moderna - Spikevax,SII - Covishield",2021-03-07,3
Finland,FIN,EURO,REPORTING,2022-02-06,11285555,4456644,204.3,80.659,4197935,75.977,"AstraZeneca - Vaxzevria,Janssen - Ad26.COV 2-S,Moderna - Spikevax,Pfizer BioNTech - Comirnaty",2020-12-23,4
France,FRA,EURO,REPORTING,2022-02-06,141369769,53901298,210,80.067,51949226,77.167,"AstraZeneca - Vaxzevria,Janssen - Ad26.COV 2-S,Moderna - Spikevax,Pfizer BioNTech - Comirnaty",2020-12-30,4
French Guiana,GUF,AMRO,REPORTING,2022-02-11,214782,95523,71.91,31.982,85411,28.596,"Moderna - Spikevax,Pfizer BioNTech - Comirnaty",2021-01-13,2
French Polynesia,PYF,WPRO,REPORTING,2022-01-24,343287,178852,122.206,63.669,164435,58.537,"Janssen - Ad26.COV 2-S,Pfizer BioNTech - Comirnaty",2021-01-18,2
Gabon,GAB,AFRO,REPORTING,2022-01-22,519058,284889,23.321,12.8,234169,10.521,"Beijing CNBG - BBIBP-CorV,Gamaleya - Gam-Covid-Vac,Pfizer BioNTech - Comirnaty",2021-03-23,3
Gambia,GMB,AFRO,REPORTING,2022-01-21,349875,317855,14.478,13.153,304688,12.608,"Beijing CNBG - BBIBP-CorV,SII - Covishield",2021-03-10,2
Georgia,GEO,EURO,REPORTING,2022-02-06,2543918,1252046,63.8,31.386,1125711,28.219,"AstraZeneca - Vaxzevria,Beijing CNBG - BBIBP-CorV,Pfizer BioNTech - Comirnaty,Sinovac - CoronaVac",2021-03-17,4
Germany,DEU,EURO,REPORTING,2022-02-06,166690548,63178932,200.4,75.967,61907956,74.438,"AstraZeneca - Vaxzevria,Janssen - Ad26.COV 2-S,Moderna - Spikevax,Pfizer BioNTech - Comirnaty",2020-12-23,4
Ghana,GHA,AFRO,REPORTING,2022-02-10,12043575,7473144,38.759,24.05,4570431,14.709,"Gamaleya - Gam-Covid-Vac,SII - Covishield",2021-03-02,2
Gibraltar,GIB,EURO,OWID,2022-02-08,111838,41657,331.952,123.644,40743,120.931,Pfizer BioNTech - Comirnaty,,1
Greece,GRC,EURO,REPORTING,2022-02-06,19557566,7783929,182.5,72.621,7422622,69.25,"AstraZeneca - Vaxzevria,Janssen - Ad26.COV 2-S,Moderna - Spikevax,Pfizer BioNTech - Comirnaty",2020-12-23,4
Greenland,GRL,EURO,OWID,2022-02-09,79658,41220,140.312,72.606,38438,67.706,Moderna - mRNA-1273,,1
Grenada,GRD,AMRO,REPORTING,2022-02-11,85113,42742,75.641,37.985,37182,33.044,"AstraZeneca - Vaxzevria,Janssen - Ad26.COV 2-S,Pfizer BioNTech - Comirnaty,SII - Covishield",2021-02-15,4
Guadeloupe,GLP,AMRO,REPORTING,2022-02-11,372916,157472,93.2,39.356,148725,37.17,"AstraZeneca - Vaxzevria,Janssen - Ad26.COV 2-S,Moderna - Spikevax,Pfizer BioNTech - Comirnaty",2021-01-08,6
Guam,GUM,WPRO,REPORTING,2022-01-28,306489,144853,181.596,85.826,130880,77.547,"Janssen - Ad26.COV 2-S,Moderna - Spikevax,Pfizer BioNTech - Comirnaty",2021-01-04,3
Guatemala,GTM,AMRO,REPORTING,2022-02-11,13925751,7043763,77.73,39.316,5429086,30.304,"AstraZeneca - Vaxzevria,Gamaleya - Gam-Covid-Vac,Moderna - Spikevax,Pfizer BioNTech - Comirnaty,SII - Covishield",2021-02-25,5
Guernsey,GGY,EURO,OWID,2022-02-08,146831,,227.758,,,,"Moderna - mRNA-1273, AstraZeneca - AZD1222, Pfizer BioNTech - Comirnaty",,3
Guinea,GIN,AFRO,REPORTING,2022-01-12,3421103,2128201,26.05,16.205,1292902,9.845,"Beijing CNBG - BBIBP-CorV,Gamaleya - Gam-Covid-Vac,Janssen - Ad26.COV 2-S,Pfizer BioNTech - Comirnaty,SII - Covishield,Sinovac - CoronaVac",2021-03-05,6
Guinea-Bissau,GNB,AFRO,REPORTING,2022-02-14,548661,506823,27.879,25.753,335557,17.051,"Beijing CNBG - BBIBP-CorV,SII - Covishield",2021-04-02,2
Guyana,GUY,AMRO,REPORTING,2022-02-11,847153,460314,107.705,58.523,343124,43.624,"AstraZeneca - Vaxzevria,Beijing CNBG - BBIBP-CorV,Gamaleya - Gam-Covid-Vac,Moderna - Spikevax,Pfizer BioNTech - Comirnaty,SII - Covishield",2021-02-11,6
Haiti,HTI,AMRO,REPORTING,2022-02-11,230311,148858,2.02,1.305,98527,0.864,"Janssen - Ad26.COV 2-S,Moderna - Spikevax",,2
Honduras,HND,AMRO,REPORTING,2022-02-11,10676787,5190314,107.796,52.403,4399117,44.415,"AstraZeneca - Vaxzevria,Gamaleya - Gam-Covid-Vac,Janssen - Ad26.COV 2-S,Moderna - Spikevax,Pfizer BioNTech - Comirnaty,SII - Covishield",2021-02-26,6
Hungary,HUN,EURO,REPORTING,2022-02-06,15819079,6311947,161.9,64.609,6067344,62.105,"AstraZeneca - Vaxzevria,Beijing CNBG - BBIBP-CorV,Gamaleya - Gam-Covid-Vac,Janssen - Ad26.COV 2-S,Moderna - Spikevax,Pfizer BioNTech - Comirnaty,Sinovac - CoronaVac",2020-12-23,7
Iceland,ISL,EURO,REPORTING,2022-02-06,782525,305369,214.9,83.862,292950,80.451,"AstraZeneca - Vaxzevria,Janssen - Ad26.COV 2-S,Moderna - Spikevax,Pfizer BioNTech - Comirnaty",2020-12-30,4
India,IND,SEARO,REPORTING,2022-02-08,1708156374,951989418,123.779,68.985,740468991,53.657,"Bharat - Covaxin,Gamaleya - Gam-Covid-Vac,Janssen - Ad26.COV 2-S,Moderna - Spikevax,SII - Covishield,Zydus - ZyCov-D",2021-01-16,6
Indonesia,IDN,SEARO,REPORTING,2022-02-08,325512751,187162201,119.007,68.426,132390945,48.402,"AstraZeneca - Vaxzevria,Beijing CNBG - BBIBP-CorV,Janssen - Ad26.COV 2-S,Moderna - Spikevax,Novavax - Covavax,Pfizer BioNTech - Comirnaty,Sinovac - CoronaVac",2021-01-13,7
Iran (Islamic Republic of),IRN,EMRO,REPORTING,2022-02-13,137067109,61532362,163.189,73.259,54791094,65.233,"AstraZeneca - Vaxzevria,Beijing CNBG - BBIBP-CorV,Bharat - Covaxin,Finlay - Soberana-02,Gamaleya - Gam-Covid-Vac,Shifa - COVIran Barakat",2021-02-09,6
Iraq,IRQ,EMRO,REPORTING,2022-02-13,16257861,9589248,40.42,23.841,6570825,16.336,"AstraZeneca - Vaxzevria,Beijing CNBG - BBIBP-CorV,Gamaleya - Gam-Covid-Vac,Pfizer BioNTech - Comirnaty",2021-03-02,4
Ireland,IRL,EURO,REPORTING,2022-02-06,10359157,4028903,208.7,81.155,3914643,78.854,"AstraZeneca - Vaxzevria,Janssen - Ad26.COV 2-S,Moderna - Spikevax,Pfizer BioNTech - Comirnaty",2020-12-30,4
Isle of Man,IMN,EURO,OWID,2022-02-12,186251,69305,219.036,81.505,66328,78.004,"Moderna - mRNA-1273, AstraZeneca - AZD1222, Pfizer BioNTech - Comirnaty",,3
Israel,ISR,EURO,REPORTING,2022-01-23,13194340,6739303,152.4,77.861,6118842,70.693,"AstraZeneca - Vaxzevria,Moderna - Spikevax,Pfizer BioNTech - Comirnaty",2020-12-16,3
Italy,ITA,EURO,REPORTING,2022-02-06,128616642,49999282,215.6,83.838,46075457,77.254,"AstraZeneca - Vaxzevria,Janssen - Ad26.COV 2-S,Moderna - Spikevax,Pfizer BioNTech - Comirnaty",2020-12-23,4
Jamaica,JAM,AMRO,REPORTING,2022-02-11,1327491,753820,44.83,25.457,633573,21.396,"AstraZeneca - Vaxzevria,Beijing CNBG - BBIBP-CorV,Janssen - Ad26.COV 2-S,Pfizer BioNTech - Comirnaty,SII - Covishield",2021-03-10,5
Japan,JPN,WPRO,REPORTING,2022-02-03,207319162,101375787,163.919,80.154,99849807,78.947,"AstraZeneca - Vaxzevria,Moderna - Spikevax,Novavax - Covavax,Pfizer BioNTech - Comirnaty",2021-02-17,4
Jersey,JEY,EURO,OWID,2022-02-06,220629,82377,204.673,76.419,78403,72.733,"Moderna - mRNA-1273, AstraZeneca - AZD1222, Pfizer BioNTech - Comirnaty",,3
Jordan,JOR,EMRO,REPORTING,2022-02-09,9377901,4630227,91.912,45.38,4293498,42.08,"AstraZeneca - Vaxzevria,Beijing CNBG - BBIBP-CorV,Gamaleya - Gam-Covid-Vac,Janssen - Ad26.COV 2-S,Moderna - Spikevax,Pfizer BioNTech - Comirnaty",2021-01-13,6
Kazakhstan,KAZ,EURO,REPORTING,2022-02-06,20733629,9898720,110.4,52.718,9165180,48.811,"Beijing CNBG - BBIBP-CorV,Gamaleya - Gam-Covid-Vac,Pfizer BioNTech - Comirnaty,RIBSP - QazVac,Sinovac - CoronaVac",2021-04-07,5
Kenya,KEN,AFRO,REPORTING,2022-02-09,14192860,7086667,26.395,13.179,6530829,12.146,"Beijing CNBG - BBIBP-CorV,Janssen - Ad26.COV 2-S,Moderna - Spikevax,Pfizer BioNTech - Comirnaty,SII - Covishield",2021-03-05,5
Kiribati,KIR,WPRO,REPORTING,2022-01-30,120594,74579,100.959,62.436,46015,38.523,"AstraZeneca - Vaxzevria,Beijing CNBG - BBIBP-CorV",2021-05-26,2
Kosovo,XKX,EURO,REPORTING,2021-12-26,1668010,879797,92.9,48.996,780327,43.456,"AstraZeneca - AZD1222, Pfizer BioNTech - Comirnaty",,2
Kuwait,KWT,EMRO,REPORTING,2022-02-10,7530179,3376127,176.327,79.056,3374933,79.028,"AstraZeneca - Vaxzevria,Beijing CNBG - BBIBP-CorV,Janssen - Ad26.COV 2-S,Moderna - Spikevax,Pfizer BioNTech - Comirnaty",2020-12-28,5
Kyrgyzstan,KGZ,EURO,REPORTING,2022-02-06,2381701,1271046,36.5,19.482,1073893,16.46,"AstraZeneca - Vaxzevria,Beijing CNBG - BBIBP-CorV,Gamaleya - Gam-Covid-Vac,Moderna - Spikevax,Pfizer BioNTech - Comirnaty,RIBSP - QazVac",2021-03-31,6
Lao People's Democratic Republic,LAO,WPRO,REPORTING,2022-01-18,7808722,4653477,107.328,63.96,3835288,52.715,"AstraZeneca - Vaxzevria,Beijing CNBG - BBIBP-CorV,Gamaleya - Gam-Covid-Vac,Gamaleya - Sputnik-Light,Janssen - Ad26.COV 2-S,Pfizer BioNTech - Comirnaty,SII - Covishield,Sinovac - CoronaVac",2020-11-25,8
Latvia,LVA,EURO,REPORTING,2022-01-23,2642143,1284629,138.5,67.34,1244148,65.218,"AstraZeneca - Vaxzevria,Janssen - Ad26.COV 2-S,Moderna - Spikevax,Pfizer BioNTech - Comirnaty",2020-12-30,4
Lebanon,LBN,EMRO,REPORTING,2022-02-14,5324718,2617585,78.013,38.35,2217477,32.488,"AstraZeneca - Vaxzevria,Beijing CNBG - BBIBP-CorV,Gamaleya - Gam-Covid-Vac,Pfizer BioNTech - Comirnaty",2021-02-14,4
Lesotho,LSO,AFRO,REPORTING,2021-12-31,857925,782175,40.048,36.512,727528,33.961,"Beijing CNBG - BBIBP-CorV,Janssen - Ad26.COV 2-S,SII - Covishield",2021-03-10,3
Liberia,LBR,AFRO,REPORTING,2022-02-10,1200630,1116709,23.739,22.079,1084591,21.444,SII - Covishield,2021-04-01,1
Libya,LBY,EMRO,REPORTING,2022-02-13,3198389,2101417,46.547,30.583,1049306,15.271,"AstraZeneca - Vaxzevria,Beijing CNBG - BBIBP-CorV,Gamaleya - Gam-Covid-Vac,Janssen - Ad26.COV 2-S,Moderna - Spikevax,Pfizer BioNTech - Comirnaty,Sinovac - CoronaVac",2021-04-11,7
Liechtenstein,LIE,OTHER,OWID,2022-02-10,69734,26682,179.973,68.862,26227,67.688,"Moderna - mRNA-1273, Pfizer BioNTech - Comirnaty",,2
Lithuania,LTU,EURO,REPORTING,2022-02-06,4416285,1943257,158.1,69.703,1884928,67.461,"AstraZeneca - Vaxzevria,Janssen - Ad26.COV 2-S,Moderna - Spikevax,Pfizer BioNTech - Comirnaty",2020-12-23,4
Luxembourg,LUX,EURO,REPORTING,2022-02-06,1201248,465430,191.9,74.337,451488,72.11,"AstraZeneca - Vaxzevria,Janssen - Ad26.COV 2-S,Moderna - Spikevax,Pfizer BioNTech - Comirnaty",2020-12-30,4
Madagascar,MDG,AFRO,REPORTING,2022-02-05,1148971,978718,4.149,3.534,926543,3.346,"Beijing CNBG - BBIBP-CorV,Janssen - Ad26.COV 2-S,SII - Covishield",2021-05-10,3
Malawi,MWI,AFRO,REPORTING,2022-01-02,1808234,1446194,9.452,7.56,745599,3.898,"Janssen - Ad26.COV 2-S,SII - Covishield",2021-03-11,2
Malaysia,MYS,WPRO,REPORTING,2022-01-28,63118007,26065797,195.013,80.535,25503653,78.798,"AstraZeneca - Vaxzevria,Beijing CNBG - BBIBP-CorV,CanSino - Convidecia,Gamaleya - Gam-Covid-Vac,Janssen - Ad26.COV 2-S,Moderna - Spikevax,Pfizer BioNTech - Comirnaty,Sinovac - CoronaVac",2021-02-24,8
Maldives,MDV,SEARO,REPORTING,2022-02-07,863132,397826,159.678,73.597,370258,68.497,"AstraZeneca - Vaxzevria,Beijing CNBG - BBIBP-CorV,Gamaleya - Gam-Covid-Vac,Janssen - Ad26.COV 2-S,Moderna - Spikevax,Pfizer BioNTech - Comirnaty,SII - Covishield,Sinovac - CoronaVac",2021-02-01,8
Mali,MLI,AFRO,REPORTING,2022-02-14,1516727,1077715,7.49,5.322,711564,3.514,SII - Covishield,2021-03-31,1
Malta,MLT,EURO,REPORTING,2022-02-06,1182652,447442,229.8,86.956,436744,84.877,"AstraZeneca - Vaxzevria,Janssen - Ad26.COV 2-S,Moderna - Spikevax,Pfizer BioNTech - Comirnaty",2020-12-23,4
Marshall Islands,MHL,WPRO,REPORTING,2022-01-28,49112,26516,82.968,44.795,23191,39.178,"Janssen - Ad26.COV 2-S,Moderna - Spikevax,Pfizer BioNTech - Comirnaty",2020-12-29,3
Martinique,MTQ,AMRO,REPORTING,2022-02-11,358778,146329,95.607,38.994,139918,37.285,Pfizer BioNTech - Comirnaty,,1
Mauritania,MRT,AFRO,REPORTING,2022-02-14,2544768,1505964,54.73,32.389,1009599,21.713,"Beijing CNBG - BBIBP-CorV,SII - Covishield",2021-03-26,2
Mauritius,MUS,AFRO,REPORTING,2021-12-28,2036896,947513,160.163,74.504,909900,71.546,"Beijing CNBG - BBIBP-CorV,Bharat - Covaxin,SII - Covishield",2021-01-26,3
Mexico,MEX,AMRO,REPORTING,2022-02-11,170713604,83965069,132.405,65.123,77703833,60.267,"AstraZeneca - Vaxzevria,CanSino - Convidecia,Gamaleya - Gam-Covid-Vac,Janssen - Ad26.COV 2-S,Moderna - Spikevax,Pfizer BioNTech - Comirnaty,Sinovac - CoronaVac",2020-12-24,7
Micronesia (Federated States of),FSM,WPRO,REPORTING,2022-01-28,90238,53485,78.452,46.499,44137,38.372,"AstraZeneca - Vaxzevria,Janssen - Ad26.COV 2-S,Moderna - Spikevax,Pfizer BioNTech - Comirnaty",2021-01-13,4
Monaco,MCO,EURO,REPORTING,2021-12-21,65140,28875,166,73.578,25667,65.404,Pfizer BioNTech - Comirnaty,2021-06-30,1
Mongolia,MNG,WPRO,REPORTING,2022-02-04,5529779,2269798,168.679,69.237,2170665,66.213,"AstraZeneca - Vaxzevria,Beijing CNBG - BBIBP-CorV,Gamaleya - Gam-Covid-Vac,Moderna - Spikevax,Pfizer BioNTech - Comirnaty,SII - Covishield",2021-02-23,6
Montenegro,MNE,EURO,REPORTING,2022-02-06,526074,275001,83.8,44.221,251073,40.374,"AstraZeneca - Vaxzevria,Beijing CNBG - BBIBP-CorV,Gamaleya - Gam-Covid-Vac,Pfizer BioNTech - Comirnaty",2021-02-24,4
Montserrat,MSR,AMRO,REPORTING,2022-02-11,3951,1842,79.036,36.847,1697,33.947,AstraZeneca - Vaxzevria,2021-02-08,1
Morocco,MAR,EMRO,REPORTING,2022-02-13,53027113,24800057,143.664,67.19,23234829,62.949,"AstraZeneca - Vaxzevria,Beijing CNBG - BBIBP-CorV,Gamaleya - Gam-Covid-Vac,Janssen - Ad26.COV 2-S,Pfizer BioNTech - Comirnaty",2021-01-28,5
Mozambique,MOZ,AFRO,REPORTING,2022-02-01,19788759,10759191,63.313,34.423,9022900,28.868,"Beijing CNBG - BBIBP-CorV,Janssen - Ad26.COV 2-S,SII - Covishield",2021-03-08,3
Myanmar,MMR,SEARO,REPORTING,2022-02-05,41602977,22389299,76.462,41.149,19213678,35.313,"Beijing CNBG - BBIBP-CorV,SII - Covishield",2021-01-27,2
Namibia,NAM,AFRO,REPORTING,2022-02-11,787241,429742,30.983,16.913,365083,14.368,"Beijing CNBG - BBIBP-CorV,Janssen - Ad26.COV 2-S,Pfizer BioNTech - Comirnaty,SII - Covishield",2021-03-19,4
Nauru,NRU,WPRO,REPORTING,2021-12-31,15128,7764,139.634,71.663,7364,67.971,"AstraZeneca - Vaxzevria,SII - Covishield",2021-04-09,2
Nepal,NPL,SEARO,REPORTING,2022-02-07,34358217,17911939,117.92,61.475,15801734,54.233,"AstraZeneca - Vaxzevria,Beijing CNBG - BBIBP-CorV,Bharat - Covaxin,Gamaleya - Gam-Covid-Vac,Janssen - Ad26.COV 2-S,Moderna - Spikevax,Pfizer BioNTech - Comirnaty,SII - Covishield",2021-01-27,8
Netherlands,NLD,EURO,REPORTING,2022-02-06,33641785,13433406,193.3,77.17,12335850,70.865,"AstraZeneca - Vaxzevria,Janssen - Ad26.COV 2-S,Moderna - Spikevax,Pfizer BioNTech - Comirnaty",2021-01-06,4
New Caledonia,NCL,WPRO,REPORTING,2022-02-05,364195,186534,127.565,65.336,177661,62.228,"Janssen - Ad26.COV 2-S,Pfizer BioNTech - Comirnaty",2021-01-20,2
New Zealand,NZL,WPRO,REPORTING,2022-01-28,9369918,4153076,194.307,86.124,3922534,81.343,"AstraZeneca - Vaxzevria,Janssen - Ad26.COV 2-S,Novavax - Covavax,Pfizer BioNTech - Comirnaty",2021-02-19,4
Nicaragua,NIC,AMRO,REPORTING,2022-02-11,9066172,5334996,136.857,80.534,3731176,56.323,"AstraZeneca - Vaxzevria,CIGB - CIGB-66,Finlay - Soberana Plus,Finlay - Soberana-02,Gamaleya - Gam-Covid-Vac,Gamaleya - Sputnik-Light,Janssen - Ad26.COV 2-S,Pfizer BioNTech - Comirnaty,SII - Covishield",2021-03-03,9
Niger,NER,AFRO,REPORTING,2022-01-31,1798575,1442884,7.43,5.961,1025950,4.238,"Beijing CNBG - BBIBP-CorV,SII - Covishield",2021-03-29,2
Nigeria,NGA,AFRO,REPORTING,2022-01-29,20617588,14834559,10.002,7.196,5446849,2.642,SII - Covishield,2021-03-05,1
Niue,NIU,WPRO,REPORTING,2021-11-24,2628,1340,162.423,82.818,1288,79.604,Pfizer BioNTech - Comirnaty,2021-06-08,1
North Macedonia,MKD,EURO,REPORTING,2022-02-06,1811511,850104,87,40.944,830150,39.983,"AstraZeneca - Vaxzevria,Beijing CNBG - BBIBP-CorV,Gamaleya - Gam-Covid-Vac,Pfizer BioNTech - Comirnaty,Sinovac - CoronaVac,Wuhan CNBG - Inactivated",2021-02-17,6
Northern Mariana Islands (Commonwealth of the),MNP,WPRO,REPORTING,2022-01-21,103210,43835,179.318,76.159,42438,73.732,"Janssen - Ad26.COV 2-S,Moderna - Spikevax,Pfizer BioNTech - Comirnaty",2020-12-19,3
Norway,NOR,EURO,REPORTING,2022-02-06,11097901,4319909,206.8,80.482,4008123,74.673,"AstraZeneca - Vaxzevria,Janssen - Ad26.COV 2-S,Moderna - Spikevax,Pfizer BioNTech - Comirnaty",2020-12-23,4
occupied Palestinian territory,PSE,EMRO,REPORTING,2022-01-16,3425379,2079315,67.146,40.76,1530174,29.995,"AstraZeneca - Vaxzevria,Beijing CNBG - BBIBP-CorV,Gamaleya - Gam-Covid-Vac,Gamaleya - Sputnik-Light,Janssen - Ad26.COV 2-S,Moderna - Spikevax,Pfizer BioNTech - Comirnaty,Sinovac - CoronaVac",2021-02-02,8
Oman,OMN,EMRO,REPORTING,2022-02-07,6692790,3194312,131.061,62.552,2979513,58.346,"AstraZeneca - Vaxzevria,Gamaleya - Gam-Covid-Vac,Pfizer BioNTech - Comirnaty,SII - Covishield,Sinovac - CoronaVac",2020-12-29,5
Pakistan,PAK,EMRO,REPORTING,2022-02-09,193250451,112635918,87.486,50.991,90341386,40.898,"Beijing CNBG - BBIBP-CorV,Bharat - Covaxin,CanSino - Convidecia,Gamaleya - Gam-Covid-Vac,Moderna - Spikevax,Pfizer BioNTech - Comirnaty,SII - Covishield,Sinovac - CoronaVac",2021-02-03,8
Palau,PLW,WPRO,REPORTING,2022-01-28,43740,19335,241.764,106.87,17048,94.229,"Janssen - Ad26.COV 2-S,Moderna - Spikevax,Pfizer BioNTech - Comirnaty",2021-01-03,3
Panama,PAN,AMRO,REPORTING,2022-02-11,7326028,3269553,169.79,75.776,2891293,67.009,"AstraZeneca - Vaxzevria,Pfizer BioNTech - Comirnaty",2021-01-20,2
Papua New Guinea,PNG,WPRO,REPORTING,2022-01-12,388173,289772,4.339,3.239,228007,2.548,"AstraZeneca - Vaxzevria,Beijing CNBG - BBIBP-CorV,Janssen - Ad26.COV 2-S,SII - Covishield",2021-03-30,4
Paraguay,PRY,AMRO,REPORTING,2022-02-11,7854618,3718003,110.124,52.127,3145443,44.1,"AstraZeneca - Vaxzevria,Beijing CNBG - BBIBP-CorV,Bharat - Covaxin,Gamaleya - Gam-Covid-Vac,Julphar - Hayat-Vax,Moderna - Spikevax,Pfizer BioNTech - Comirnaty,Sinovac - CoronaVac",2021-02-22,8
Peru,PER,AMRO,REPORTING,2022-02-11,58974341,26678311,178.863,80.912,23426883,71.051,"AstraZeneca - Vaxzevria,Beijing CNBG - BBIBP-CorV,Pfizer BioNTech - Comirnaty",2021-02-09,3
Philippines,PHL,WPRO,REPORTING,2022-02-03,128058330,66656249,116.862,60.828,59593736,54.383,"AstraZeneca - Vaxzevria,Beijing CNBG - BBIBP-CorV,Bharat - Covaxin,Gamaleya - Gam-Covid-Vac,Gamaleya - Sputnik-Light,Janssen - Ad26.COV 2-S,Julphar - Hayat-Vax,Moderna - Spikevax,Novavax - Covavax,Pfizer BioNTech - Comirnaty,Sinovac - CoronaVac",2021-03-01,11
Pitcairn Islands,PCN,WPRO,REPORTING,2021-11-11,74,37,148,74,37,74,AstraZeneca - Vaxzevria,2021-05-17,1
Poland,POL,EURO,REPORTING,2022-02-06,52256943,22491114,137.7,59.252,21900973,57.698,"AstraZeneca - Vaxzevria,Janssen - Ad26.COV 2-S,Moderna - Spikevax,Pfizer BioNTech - Comirnaty",2020-12-23,4
Portugal,PRT,EURO,REPORTING,2022-02-06,22394018,9597178,217.5,93.272,8574012,83.276,"AstraZeneca - Vaxzevria,Janssen - Ad26.COV 2-S,Moderna - Spikevax,Pfizer BioNTech - Comirnaty",2020-12-23,4
Puerto Rico,PRI,AMRO,REPORTING,2022-02-11,6687221,3055636,233.749,106.809,2561819,89.547,"Janssen - Ad26.COV 2-S,Moderna - Spikevax,Pfizer BioNTech - Comirnaty",,3
Qatar,QAT,EMRO,REPORTING,2022-02-14,6105201,,211.909,,,,"AstraZeneca - Vaxzevria,Janssen - Ad26.COV 2-S,Moderna - Spikevax,Pfizer BioNTech - Comirnaty",2020-12-23,4
Republic of Korea,KOR,WPRO,REPORTING,2022-02-06,115445515,44681986,225.175,87.152,44111768,86.04,"AstraZeneca - Vaxzevria,Janssen - Ad26.COV 2-S,Moderna - Spikevax,Novavax - Covavax,Pfizer BioNTech - Comirnaty",2021-02-26,5
Republic of Moldova,MDA,EURO,REPORTING,2022-02-06,1990001,1062581,49.3,26.341,1016785,25.206,"AstraZeneca - Vaxzevria,Beijing CNBG - BBIBP-CorV,Gamaleya - Gam-Covid-Vac,Janssen - Ad26.COV 2-S,Moderna - Spikevax,Pfizer BioNTech - Comirnaty,Sinovac - CoronaVac",2021-03-03,7
Romania,ROU,EURO,REPORTING,2022-02-06,15715635,8127352,81.3,42.048,8014732,41.465,"AstraZeneca - Vaxzevria,Janssen - Ad26.COV 2-S,Moderna - Spikevax,Pfizer BioNTech - Comirnaty",2021-01-27,4
Russian Federation,RUS,EURO,OWID,2022-02-01,154084022,76555906,105.6,52.459,69307145,47.764,"SRCVB - EpiVacCorona, Gamaleya - Sputnik V",,2
Rwanda,RWA,AFRO,REPORTING,2022-01-27,16555832,8560560,127.822,66.093,7044723,54.39,"Beijing CNBG - BBIBP-CorV,Gamaleya - Gam-Covid-Vac,Janssen - Ad26.COV 2-S,Moderna - Spikevax,Pfizer BioNTech - Comirnaty,SII - Covishield,Sinovac - CoronaVac",2021-03-05,7
Saba,XCA,AMRO,REPORTING,2022-02-11,3148,1582,162.856,81.842,1566,81.014,,,
Saint Helena,SHN,AFRO,OWID,2021-05-05,7892,4361,129.995,71.833,3531,58.162,AstraZeneca - AZD1222,,1
Saint Kitts and Nevis,KNA,AMRO,REPORTING,2022-02-11,56032,27029,105.339,50.814,26141,49.145,"AstraZeneca - Vaxzevria,Pfizer BioNTech - Comirnaty,SII - Covishield",2021-02-22,3
Saint Lucia,LCA,AMRO,REPORTING,2022-02-11,115228,57323,62.751,31.217,51454,28.021,"AstraZeneca - Vaxzevria,Pfizer BioNTech - Comirnaty,SII - Covishield",2021-02-17,3
Saint Vincent and the Grenadines,VCT,AMRO,REPORTING,2022-02-11,64991,34479,58.582,31.079,27972,25.214,"AstraZeneca - Vaxzevria,Gamaleya - Gam-Covid-Vac,Gamaleya - Sputnik-Light,Pfizer BioNTech - Comirnaty,SII - Covishield",2021-02-01,5
Samoa,WSM,WPRO,REPORTING,2022-01-21,267016,142433,134.575,71.786,124583,62.789,"AstraZeneca - Vaxzevria,Pfizer BioNTech - Comirnaty",2021-04-18,2
San Marino,SMR,EURO,REPORTING,2022-02-06,63686,24570,187.7,71.315,21777,63.208,"Gamaleya - Gam-Covid-Vac,Pfizer BioNTech - Comirnaty",2021-02-24,2
Sao Tome and Principe,STP,AFRO,REPORTING,2022-01-17,151040,88983,68.918,40.602,61405,28.018,"AstraZeneca - Vaxzevria,SII - Covishield",2021-03-15,2
Saudi Arabia,SAU,EMRO,REPORTING,2022-02-14,59570177,25779883,171.11,74.051,23949005,68.792,"AstraZeneca - Vaxzevria,Janssen - Ad26.COV 2-S,Moderna - Spikevax,Pfizer BioNTech - Comirnaty",2021-01-06,4
Senegal,SEN,AFRO,REPORTING,2022-02-09,2441692,1421720,14.583,8.491,1008421,6.023,"Beijing CNBG - BBIBP-CorV,Janssen - Ad26.COV 2-S,SII - Covishield",2021-02-23,3
Serbia,SRB,EURO,REPORTING,2022-01-23,6612050,3356512,95.5,48.458,3255538,47,"AstraZeneca - Vaxzevria,Beijing CNBG - BBIBP-CorV,Gamaleya - Gam-Covid-Vac,Moderna - Spikevax,Pfizer BioNTech - Comirnaty",2020-12-23,5
Seychelles,SYC,AFRO,REPORTING,2022-01-18,190758,83419,193.964,84.821,78598,79.919,"Beijing CNBG - BBIBP-CorV,Gamaleya - Gam-Covid-Vac,Julphar - Hayat-Vax,SII - Covishield",2021-01-10,4
Sierra Leone,SLE,AFRO,REPORTING,2022-02-07,1484231,1208855,18.606,15.154,737209,9.242,"Beijing CNBG - BBIBP-CorV,SII - Covishield",2021-03-15,2
Singapore,SGP,WPRO,REPORTING,2022-01-31,12870890,4929611,220.002,84.262,4786538,81.816,"AstraZeneca - Vaxzevria,Beijing CNBG - BBIBP-CorV,Moderna - Spikevax,Pfizer BioNTech - Comirnaty",2020-12-30,4
Sint Eustatius,XBA,AMRO,REPORTING,2022-02-11,3110,1588,99.076,50.589,1522,48.487,,,
Sint Maarten,SXM,AMRO,REPORTING,2022-02-11,60929,27743,142.085,64.696,25679,59.883,"AstraZeneca - Vaxzevria,Moderna - Spikevax,Pfizer BioNTech - Comirnaty",2021-02-22,3
Slovakia,SVK,EURO,REPORTING,2022-02-06,6845202,2802982,125.4,51.357,2701446,49.496,"AstraZeneca - Vaxzevria,Gamaleya - Gam-Covid-Vac,Janssen - Ad26.COV 2-S,Moderna - Spikevax,Pfizer BioNTech - Comirnaty",2021-01-06,5
Slovenia,SVN,EURO,REPORTING,2022-02-06,2933629,1251636,140,59.719,1213531,57.901,"AstraZeneca - Vaxzevria,Janssen - Ad26.COV 2-S,Moderna - Spikevax,Pfizer BioNTech - Comirnaty",2020-12-23,4
Solomon Islands,SLB,WPRO,REPORTING,2022-02-06,285199,200876,41.521,29.245,84320,12.276,"AstraZeneca - Vaxzevria,Beijing CNBG - BBIBP-CorV,Pfizer BioNTech - Comirnaty,SII - Covishield",2021-03-23,4
Somalia,SOM,EMRO,REPORTING,2022-02-10,1659803,1354850,10.443,8.525,870006,5.474,"Beijing CNBG - BBIBP-CorV,Janssen - Ad26.COV 2-S,SII - Covishield,Sinovac - CoronaVac",2021-03-16,4
South Africa,ZAF,AFRO,REPORTING,2022-02-13,30559431,20387116,51.526,34.375,18769416,31.647,"Janssen - Ad26.COV 2-S,Pfizer BioNTech - Comirnaty",2021-02-17,2
South Sudan,SSD,AFRO,REPORTING,2022-02-05,372634,325688,3.329,2.91,277166,2.476,"Janssen - Ad26.COV 2-S,SII - Covishield",2021-04-06,2
Spain,ESP,EURO,REPORTING,2022-02-06,95325208,39069036,201.4,82.541,35725971,75.479,"AstraZeneca - Vaxzevria,Janssen - Ad26.COV 2-S,Moderna - Spikevax,Pfizer BioNTech - Comirnaty",2020-12-30,4
Sri Lanka,LKA,SEARO,REPORTING,2022-02-07,36657865,16794917,171.192,78.432,14021430,65.48,"AstraZeneca - Vaxzevria,Beijing CNBG - BBIBP-CorV,Gamaleya - Gam-Covid-Vac,Moderna - Spikevax,Pfizer BioNTech - Comirnaty,SII - Covishield",2021-01-29,6
Sudan,SDN,EMRO,REPORTING,2022-02-02,4991228,4408196,11.383,10.053,1983137,4.523,"Beijing CNBG - BBIBP-CorV,Janssen - Ad26.COV 2-S,Pfizer BioNTech - Comirnaty,SII - Covishield,Sinovac - CoronaVac",2021-03-09,5
Suriname,SUR,AMRO,REPORTING,2022-02-11,539297,264930,91.931,45.161,233235,39.758,"AstraZeneca - Vaxzevria,Beijing CNBG - BBIBP-CorV,Moderna - Spikevax,Pfizer BioNTech - Comirnaty,SII - Covishield",2021-02-23,5
Sweden,SWE,EURO,REPORTING,2022-02-06,19142974,7488710,185.4,72.512,7283054,70.52,"AstraZeneca - Vaxzevria,Moderna - Spikevax,Pfizer BioNTech - Comirnaty",2020-12-23,3
Switzerland,CHE,EURO,REPORTING,2022-02-06,11784964,6076105,136.2,70.603,5766337,67.003,"Janssen - Ad26.COV 2-S,Moderna - Spikevax,Pfizer BioNTech - Comirnaty",2020-12-23,3
Syrian Arab Republic,SYR,EMRO,REPORTING,2022-02-12,3053717,2125205,17.449,12.144,1163125,6.646,"Beijing CNBG - BBIBP-CorV,Gamaleya - Gam-Covid-Vac,Gamaleya - Sputnik-Light,Janssen - Ad26.COV 2-S,SII - Covishield,Sinovac - CoronaVac",2021-04-01,6
Tajikistan,TJK,EURO,REPORTING,2022-02-06,8600703,4659726,90.2,48.856,3871743,40.594,"AstraZeneca - Vaxzevria,Gamaleya - Gam-Covid-Vac,Moderna - Spikevax,Pfizer BioNTech - Comirnaty,SII - Covishield,Sinovac - CoronaVac",2021-03-24,6
Thailand,THA,SEARO,REPORTING,2022-02-07,117200547,52317657,167.909,74.954,48492788,69.474,"AstraZeneca - Vaxzevria,Beijing CNBG - BBIBP-CorV,Janssen - Ad26.COV 2-S,Moderna - Spikevax,Pfizer BioNTech - Comirnaty,SII - Covishield,Sinovac - CoronaVac",2021-02-28,7
The United Kingdom,GBR,EURO,REPORTING,2022-02-08,138585207,52437297,204.1,77.046,48594494,71.4,"AstraZeneca - Vaxzevria,Moderna - Spikevax,Pfizer BioNTech - Comirnaty",2020-12-21,3
Timor-Leste,TLS,SEARO,REPORTING,2022-02-08,1246532,673277,94.546,51.066,566263,42.949,"AstraZeneca - Vaxzevria,Pfizer BioNTech - Comirnaty,SII - Covishield,Sinovac - CoronaVac",2021-04-07,4
Togo,TGO,AFRO,REPORTING,2022-01-21,2515341,1415448,30.383,17.097,1075383,12.99,SII - Covishield,2021-03-10,1
Tokelau,TKL,WPRO,REPORTING,2021-09-28,1936,968,143.407,71.704,968,71.704,Pfizer BioNTech - Comirnaty,2021-07-20,1
Tonga,TON,WPRO,REPORTING,2022-01-04,137609,73928,130.194,69.945,63681,60.25,"AstraZeneca - Vaxzevria,Pfizer BioNTech - Comirnaty",2021-04-14,2
Trinidad and Tobago,TTO,AMRO,REPORTING,2022-02-11,1498616,737249,107.083,52.68,696708,49.783,"AstraZeneca - Vaxzevria,Beijing CNBG - BBIBP-CorV,Janssen - Ad26.COV 2-S,Pfizer BioNTech - Comirnaty,SII - Covishield",2021-02-17,5
Tunisia,TUN,EMRO,REPORTING,2022-02-06,14436943,8762404,122.154,74.141,6274197,53.087,"AstraZeneca - Vaxzevria,Beijing CNBG - BBIBP-CorV,Gamaleya - Gam-Covid-Vac,Janssen - Ad26.COV 2-S,Moderna - Spikevax,Pfizer BioNTech - Comirnaty,Sinovac - CoronaVac",2021-03-13,7
Turkey,TUR,EURO,OWID,2022-02-01,141778517,57407159,168.1,69.036,52262703,62.986,"Pfizer BioNTech - Comirnaty, Sinovac - CoronaVac, Turkovac",,3
Turkmenistan,TKM,EURO,REPORTING,2021-08-29,7580976,4374694,125.7,72.535,3206282,53.162,"Anhui ZL - Recombinant,AstraZeneca - Vaxzevria,Beijing CNBG - BBIBP-CorV,Gamaleya - Gam-Covid-Vac,RIBSP - QazVac,SRCVB - EpiVacCorona",2021-02-24,6
Turks and Caicos Islands,TCA,AMRO,REPORTING,2022-02-11,67463,30801,174.242,79.552,28811,74.412,Pfizer BioNTech - Comirnaty,2021-01-11,1
Tuvalu,TUV,WPRO,REPORTING,2021-10-22,12114,6230,102.731,52.832,5884,49.898,AstraZeneca - Vaxzevria,2021-04-13,1
Uganda,UGA,AFRO,REPORTING,2022-02-07,14973293,12742231,32.735,27.857,2219214,4.852,"Janssen - Ad26.COV 2-S,Moderna - Spikevax,Pfizer BioNTech - Comirnaty,SII - Covishield,Sinovac - CoronaVac",2021-03-10,5
Ukraine,UKR,EURO,REPORTING,2022-02-06,30683362,15496729,70.2,35.434,14720887,33.66,"AstraZeneca - Vaxzevria,Janssen - Ad26.COV 2-S,Moderna - Spikevax,Pfizer BioNTech - Comirnaty,SII - Covishield,Sinovac - CoronaVac",2021-02-24,6
United Arab Emirates,ARE,EMRO,REPORTING,2022-02-14,23881048,,241.457,,,,"AstraZeneca - Vaxzevria,Beijing CNBG - BBIBP-CorV,Gamaleya - Gam-Covid-Vac,Pfizer BioNTech - Comirnaty,SII - Covishield",2020-12-14,5
United Republic of Tanzania,TZA,AFRO,REPORTING,2021-12-28,2431769,2079930,4.071,3.482,1646261,2.756,"Beijing CNBG - BBIBP-CorV,Janssen - Ad26.COV 2-S,Pfizer BioNTech - Comirnaty",2021-07-28,3
United States of America,USA,AMRO,REPORTING,2022-02-11,531617327,251414170,160.608,75.955,208418142,62.966,"Janssen - Ad26.COV 2-S,Moderna - Spikevax,Pfizer BioNTech - Comirnaty",2020-12-14,3
Uruguay,URY,AMRO,REPORTING,2022-02-11,7531858,2946430,216.823,84.82,2700830,77.75,"AstraZeneca - Vaxzevria,Pfizer BioNTech - Comirnaty,Sinovac - CoronaVac",2021-02-27,3
Uzbekistan,UZB,EURO,REPORTING,2022-02-06,40872222,18221843,122.1,54.444,12598509,37.642,"Anhui ZL - Recombinant,Gamaleya - Gam-Covid-Vac,Gamaleya - Sputnik-Light,Moderna - Spikevax,Pfizer BioNTech - Comirnaty,SII - Covishield,Sinovac - CoronaVac",2021-04-28,7
Vanuatu,VUT,WPRO,REPORTING,2022-01-30,189138,110907,61.579,36.109,78231,25.47,"AstraZeneca - Vaxzevria,Beijing CNBG - BBIBP-CorV,Janssen - Ad26.COV 2-S",2021-06-02,3
Venezuela (Bolivarian Republic of),VEN,AMRO,REPORTING,2022-02-11,37860994,22157232,133.145,77.92,14287370,50.244,"Beijing CNBG - BBIBP-CorV,CIGB - CIGB-66,Finlay - Soberana-02,Gamaleya - Gam-Covid-Vac,Gamaleya - Sputnik-Light,Sinovac - CoronaVac",2021-02-22,6
Viet Nam,VNM,WPRO,REPORTING,2022-02-04,181665411,79080967,186.632,81.243,74187748,76.216,"AstraZeneca - Vaxzevria,Beijing CNBG - BBIBP-CorV,CIGB - CIGB-66,Gamaleya - Gam-Covid-Vac,Moderna - Spikevax,Pfizer BioNTech - Comirnaty",2021-03-08,6
Wallis and Futuna,WLF,WPRO,REPORTING,2022-01-11,12287,6151,109.257,54.695,6136,54.562,Moderna - Spikevax,2021-03-19,1
Yemen,YEM,EMRO,REPORTING,2022-02-13,768104,610183,2.575,2.046,368448,1.235,"Janssen - Ad26.COV 2-S,SII - Covishield,Sinovac - CoronaVac",2021-04-20,3
Zambia,ZMB,AFRO,REPORTING,2021-11-18,1041441,832532,5.665,4.529,651965,3.546,"Beijing CNBG - BBIBP-CorV,Janssen - Ad26.COV 2-S,SII - Covishield",2021-04-14,3
Zimbabwe,ZWE,AFRO,REPORTING,2022-01-29,7608063,4263080,51.188,28.683,3291261,22.144,"Beijing CNBG - BBIBP-CorV,Bharat - Covaxin,Gamaleya - Gam-Covid-Vac,Sinovac - CoronaVac",2021-02-18,4
